,filepath,page,table,target
0,../Geschaeftsberichte/Berliner Bäder Betriebe/GB_BBB_Infra_2022_low.pdf,10.0,1,1
1,../Geschaeftsberichte/Berliner Bäder Betriebe/GB_BBB_Infra_2022_low.pdf,11.0,1,1
2,../Geschaeftsberichte/Berliner Bäder Betriebe/GB_BBB_Infra_2022_low.pdf,13.0,1,1
3,../Geschaeftsberichte/Berliner Bäder Betriebe/GB_BBB_Infra_2022_low.pdf,28.0,1,1
4,../Geschaeftsberichte/Berliner Bäder Betriebe/GB_BBB_Infra_2022_low.pdf,29.0,1,1
5,../Geschaeftsberichte/Berliner Bäder Betriebe/GB_BBB_Infra_2022_low.pdf,31.0,1,1
6,../Geschaeftsberichte/Berliner Bäder Betriebe/2023_Geschaeftsbericht_BBB.pdf,16.0,1,1
7,../Geschaeftsberichte/Berliner Bäder Betriebe/2023_Geschaeftsbericht_BBB.pdf,17.0,1,1
8,../Geschaeftsberichte/Berliner Bäder Betriebe/2023_Geschaeftsbericht_BBB.pdf,19.0,1,1
9,../Geschaeftsberichte/Berliner Bäder Betriebe/GB_BBB_Infra_2020.pdf,10.0,1,1
10,../Geschaeftsberichte/Berliner Bäder Betriebe/GB_BBB_Infra_2020.pdf,11.0,1,1
11,../Geschaeftsberichte/Berliner Bäder Betriebe/GB_BBB_Infra_2020.pdf,13.0,1,1
12,../Geschaeftsberichte/Berliner Bäder Betriebe/GB_BBB_Infra_2020.pdf,28.0,1,1
13,../Geschaeftsberichte/Berliner Bäder Betriebe/GB_BBB_Infra_2020.pdf,29.0,1,1
14,../Geschaeftsberichte/Berliner Bäder Betriebe/GB_BBB_Infra_2020.pdf,31.0,1,1
15,../Geschaeftsberichte/Berliner Bäder Betriebe/2020_Geschaeftsbericht_BBB.pdf,36.0,1,1
16,../Geschaeftsberichte/Berliner Bäder Betriebe/2020_Geschaeftsbericht_BBB.pdf,37.0,1,1
17,../Geschaeftsberichte/Berliner Bäder Betriebe/2020_Geschaeftsbericht_BBB.pdf,39.0,1,1
18,../Geschaeftsberichte/Berliner Bäder Betriebe/GB_BBB_Infra_2023.pdf,7.0,1,1
19,../Geschaeftsberichte/Berliner Bäder Betriebe/GB_BBB_Infra_2023.pdf,8.0,1,1
20,../Geschaeftsberichte/Berliner Bäder Betriebe/GB_BBB_Infra_2023.pdf,10.0,1,1
21,../Geschaeftsberichte/Berliner Bäder Betriebe/GB_BBB_Infra_2023.pdf,25.0,1,1
22,../Geschaeftsberichte/Berliner Bäder Betriebe/GB_BBB_Infra_2023.pdf,26.0,1,1
23,../Geschaeftsberichte/Berliner Bäder Betriebe/GB_BBB_Infra_2023.pdf,28.0,1,1
24,../Geschaeftsberichte/Berliner Bäder Betriebe/2021_Geschaeftsbericht_BBB.pdf,34.0,1,1
25,../Geschaeftsberichte/Berliner Bäder Betriebe/2021_Geschaeftsbericht_BBB.pdf,35.0,1,1
26,../Geschaeftsberichte/Berliner Bäder Betriebe/2021_Geschaeftsbericht_BBB.pdf,37.0,1,1
27,../Geschaeftsberichte/Berliner Bäder Betriebe/GB_BBB_Infra_2019.pdf,6.0,1,1
28,../Geschaeftsberichte/Berliner Bäder Betriebe/GB_BBB_Infra_2019.pdf,7.0,1,1
29,../Geschaeftsberichte/Berliner Bäder Betriebe/GB_BBB_Infra_2019.pdf,15.0,1,1
30,../Geschaeftsberichte/Berliner Bäder Betriebe/GB_BBB_Infra_2019.pdf,16.0,1,1
31,../Geschaeftsberichte/Berliner Bäder Betriebe/2022_Geschaeftsbericht_BBB.pdf,20.0,1,1
32,../Geschaeftsberichte/Berliner Bäder Betriebe/2022_Geschaeftsbericht_BBB.pdf,21.0,1,1
33,../Geschaeftsberichte/Berliner Bäder Betriebe/2022_Geschaeftsbericht_BBB.pdf,23.0,1,1
34,../Geschaeftsberichte/Berliner Bäder Betriebe/2019_Geschaeftsbericht_BBB.pdf,20.0,1,1
35,../Geschaeftsberichte/Berliner Bäder Betriebe/2019_Geschaeftsbericht_BBB.pdf,21.0,1,1
36,../Geschaeftsberichte/Berliner Bäder Betriebe/GB_BBB_Infra_2021.pdf,10.0,1,1
37,../Geschaeftsberichte/Berliner Bäder Betriebe/GB_BBB_Infra_2021.pdf,11.0,1,1
38,../Geschaeftsberichte/Berliner Bäder Betriebe/GB_BBB_Infra_2021.pdf,13.0,1,1
39,../Geschaeftsberichte/Berliner Bäder Betriebe/GB_BBB_Infra_2021.pdf,26.0,1,1
40,../Geschaeftsberichte/Berliner Bäder Betriebe/GB_BBB_Infra_2021.pdf,27.0,1,1
41,../Geschaeftsberichte/Berliner Bäder Betriebe/GB_BBB_Infra_2021.pdf,29.0,1,1
42,../Geschaeftsberichte/IBB/ibb_geschaeftsbericht_2017.pdf,42.0,1,1
43,../Geschaeftsberichte/IBB/ibb_geschaeftsbericht_2017.pdf,43.0,1,1
44,../Geschaeftsberichte/IBB/ibb_geschaeftsbericht_2017.pdf,44.0,1,1
45,../Geschaeftsberichte/IBB/ibb_geschaeftsbericht_2017.pdf,45.0,1,1
46,../Geschaeftsberichte/IBB/ibb-jahresabschluss-und-lagebericht-2023.pdf,4.0,1,1
47,../Geschaeftsberichte/IBB/ibb-jahresabschluss-und-lagebericht-2023.pdf,5.0,1,1
48,../Geschaeftsberichte/IBB/ibb-jahresabschluss-und-lagebericht-2023.pdf,6.0,1,1
49,../Geschaeftsberichte/IBB/ibb_geschaeftsbericht_2020.pdf,55.0,1,1
50,../Geschaeftsberichte/IBB/ibb_geschaeftsbericht_2020.pdf,56.0,1,1
51,../Geschaeftsberichte/IBB/ibb_geschaeftsbericht_2020.pdf,57.0,1,1
52,../Geschaeftsberichte/IBB/ibb_geschaeftsbericht_2020.pdf,58.0,1,1
53,../Geschaeftsberichte/IBB/ibb_geschaeftsbericht_2013.pdf,98.0,1,1
54,../Geschaeftsberichte/IBB/ibb_geschaeftsbericht_2013.pdf,99.0,1,1
55,../Geschaeftsberichte/IBB/ibb_geschaeftsbericht_2013.pdf,100.0,1,1
56,../Geschaeftsberichte/IBB/ibb_geschaeftsbericht_2013.pdf,101.0,1,1
57,../Geschaeftsberichte/IBB/ibb_geschaeftsbericht_2014.pdf,74.0,1,1
58,../Geschaeftsberichte/IBB/ibb_geschaeftsbericht_2014.pdf,75.0,1,1
59,../Geschaeftsberichte/IBB/ibb_geschaeftsbericht_2014.pdf,76.0,1,1
60,../Geschaeftsberichte/IBB/ibb_geschaeftsbericht_2014.pdf,77.0,1,1
61,../Geschaeftsberichte/IBB/ibb-geschaeftsbericht-2021.pdf,69.0,1,1
62,../Geschaeftsberichte/IBB/ibb-geschaeftsbericht-2021.pdf,70.0,1,1
63,../Geschaeftsberichte/IBB/ibb-geschaeftsbericht-2021.pdf,71.0,1,1
64,../Geschaeftsberichte/IBB/ibb-geschaeftsbericht-2021.pdf,72.0,1,1
65,../Geschaeftsberichte/IBB/ibb_digitaler_geschaeftsbericht_2017.pdf,14.0,1,1
66,../Geschaeftsberichte/IBB/ibb_digitaler_geschaeftsbericht_2017.pdf,15.0,1,1
67,../Geschaeftsberichte/IBB/ibb_digitaler_geschaeftsbericht_2017.pdf,16.0,1,1
68,../Geschaeftsberichte/IBB/ibb_digitaler_geschaeftsbericht_2017.pdf,17.0,1,1
69,../Geschaeftsberichte/IBB/ibb_geschaeftsbericht_2007.pdf,74.0,1,1
70,../Geschaeftsberichte/IBB/ibb_geschaeftsbericht_2007.pdf,75.0,1,1
71,../Geschaeftsberichte/IBB/ibb_geschaeftsbericht_2007.pdf,76.0,1,1
72,../Geschaeftsberichte/IBB/ibb_geschaeftsbericht_2007.pdf,77.0,1,1
73,../Geschaeftsberichte/IBB/ibb_geschaeftsbericht_2008.pdf,72.0,1,1
74,../Geschaeftsberichte/IBB/ibb_geschaeftsbericht_2008.pdf,73.0,1,1
75,../Geschaeftsberichte/IBB/ibb_geschaeftsbericht_2008.pdf,74.0,1,1
76,../Geschaeftsberichte/IBB/ibb_geschaeftsbericht_2008.pdf,75.0,1,1
77,../Geschaeftsberichte/IBB/ibb_geschaeftsbericht_2011.pdf,115.0,1,1
78,../Geschaeftsberichte/IBB/ibb_geschaeftsbericht_2011.pdf,116.0,1,1
79,../Geschaeftsberichte/IBB/ibb_geschaeftsbericht_2011.pdf,117.0,1,1
80,../Geschaeftsberichte/IBB/ibb_geschaeftsbericht_2011.pdf,118.0,1,1
81,../Geschaeftsberichte/IBB/ibb_geschaeftsbericht_2012.pdf,116.0,1,1
82,../Geschaeftsberichte/IBB/ibb_geschaeftsbericht_2012.pdf,117.0,1,1
83,../Geschaeftsberichte/IBB/ibb_geschaeftsbericht_2012.pdf,118.0,1,1
84,../Geschaeftsberichte/IBB/ibb_geschaeftsbericht_2012.pdf,119.0,1,1
85,../Geschaeftsberichte/IBB/ibb_geschaeftsbericht_2010.pdf,106.0,1,1
86,../Geschaeftsberichte/IBB/ibb_geschaeftsbericht_2010.pdf,107.0,1,1
87,../Geschaeftsberichte/IBB/ibb_geschaeftsbericht_2010.pdf,108.0,1,1
88,../Geschaeftsberichte/IBB/ibb_geschaeftsbericht_2010.pdf,109.0,1,1
89,../Geschaeftsberichte/IBB/ibb_geschaeftsbericht_2015.pdf,44.0,1,1
90,../Geschaeftsberichte/IBB/ibb_geschaeftsbericht_2015.pdf,45.0,1,1
91,../Geschaeftsberichte/IBB/ibb_geschaeftsbericht_2015.pdf,46.0,1,1
92,../Geschaeftsberichte/IBB/ibb_geschaeftsbericht_2015.pdf,47.0,1,1
93,../Geschaeftsberichte/IBB/ibb_geschaeftsbericht_2019.pdf,44.0,1,1
94,../Geschaeftsberichte/IBB/ibb_geschaeftsbericht_2019.pdf,45.0,1,1
95,../Geschaeftsberichte/IBB/ibb_geschaeftsbericht_2019.pdf,46.0,1,1
96,../Geschaeftsberichte/IBB/ibb_geschaeftsbericht_2019.pdf,47.0,1,1
97,../Geschaeftsberichte/IBB/ibb_geschaeftsbericht_2009.pdf,89.0,1,1
98,../Geschaeftsberichte/IBB/ibb_geschaeftsbericht_2009.pdf,90.0,1,1
99,../Geschaeftsberichte/IBB/ibb_geschaeftsbericht_2009.pdf,91.0,1,1
100,../Geschaeftsberichte/IBB/ibb_geschaeftsbericht_2009.pdf,92.0,1,1
101,../Geschaeftsberichte/IBB/ibb_geschaeftsbericht_2004.pdf,66.0,1,1
102,../Geschaeftsberichte/IBB/ibb_geschaeftsbericht_2004.pdf,67.0,1,1
103,../Geschaeftsberichte/IBB/ibb_geschaeftsbericht_2004.pdf,68.0,1,1
104,../Geschaeftsberichte/IBB/ibb_geschaeftsbericht_2004.pdf,69.0,1,1
105,../Geschaeftsberichte/IBB/ibb-jahresabschluss-und-lagebericht-2024.pdf,32.0,1,1
106,../Geschaeftsberichte/IBB/ibb-jahresabschluss-und-lagebericht-2024.pdf,33.0,1,1
107,../Geschaeftsberichte/IBB/ibb-jahresabschluss-und-lagebericht-2024.pdf,34.0,1,1
108,../Geschaeftsberichte/IBB/ibb-jahresabschluss-und-lagebericht-2024.pdf,36.0,1,1
109,../Geschaeftsberichte/IBB/ibb-jahresabschluss-und-lagebericht-2024.pdf,37.0,1,1
110,../Geschaeftsberichte/IBB/ibb_geschaeftsbericht_2006.pdf,68.0,1,1
111,../Geschaeftsberichte/IBB/ibb_geschaeftsbericht_2006.pdf,69.0,1,1
112,../Geschaeftsberichte/IBB/ibb_geschaeftsbericht_2006.pdf,70.0,1,1
113,../Geschaeftsberichte/IBB/ibb_geschaeftsbericht_2006.pdf,71.0,1,1
114,../Geschaeftsberichte/IBB/ibb_geschaeftsbericht_2005.pdf,66.0,1,1
115,../Geschaeftsberichte/IBB/ibb_geschaeftsbericht_2005.pdf,67.0,1,1
116,../Geschaeftsberichte/IBB/ibb_geschaeftsbericht_2005.pdf,68.0,1,1
117,../Geschaeftsberichte/IBB/ibb_geschaeftsbericht_2005.pdf,69.0,1,1
118,../Geschaeftsberichte/IBB/ibb_geschaeftsbericht_2016.pdf,44.0,1,1
119,../Geschaeftsberichte/IBB/ibb_geschaeftsbericht_2016.pdf,45.0,1,1
120,../Geschaeftsberichte/IBB/ibb_geschaeftsbericht_2016.pdf,46.0,1,1
121,../Geschaeftsberichte/IBB/ibb_geschaeftsbericht_2016.pdf,47.0,1,1
122,../Geschaeftsberichte/IBB/ibb_geschaeftsbericht_2018.pdf,47.0,1,1
123,../Geschaeftsberichte/IBB/ibb_geschaeftsbericht_2018.pdf,48.0,1,1
124,../Geschaeftsberichte/IBB/ibb_geschaeftsbericht_2018.pdf,49.0,1,1
125,../Geschaeftsberichte/IBB/ibb_geschaeftsbericht_2018.pdf,50.0,1,1
126,../Geschaeftsberichte/IBB/ibb-jahresabschluss-und-lagebericht-2022.pdf,4.0,1,1
127,../Geschaeftsberichte/IBB/ibb-jahresabschluss-und-lagebericht-2022.pdf,5.0,1,1
128,../Geschaeftsberichte/Berlinovo/geschaeftsbericht_berlinovo_2017_0.pdf,50.0,1,1
129,../Geschaeftsberichte/Berlinovo/geschaeftsbericht_berlinovo_2017_0.pdf,51.0,1,1
130,../Geschaeftsberichte/Berlinovo/geschaeftsbericht_berlinovo_2017_0.pdf,52.0,1,1
131,../Geschaeftsberichte/Berlinovo/040815_berlinovo_gb_online_rz.pdf,60.0,1,1
132,../Geschaeftsberichte/Berlinovo/040815_berlinovo_gb_online_rz.pdf,61.0,1,1
133,../Geschaeftsberichte/Berlinovo/040815_berlinovo_gb_online_rz.pdf,62.0,1,1
134,../Geschaeftsberichte/Berlinovo/berlinovo_gb_2016_online_2.pdf,53.0,1,1
135,../Geschaeftsberichte/Berlinovo/berlinovo_gb_2016_online_2.pdf,54.0,1,1
136,../Geschaeftsberichte/Berlinovo/berlinovo_gb_2016_online_2.pdf,55.0,1,1
137,../Geschaeftsberichte/Berlinovo/berlinovo_Finanzbericht_2023_barrierearm.pdf,44.0,1,1
138,../Geschaeftsberichte/Berlinovo/berlinovo_Finanzbericht_2023_barrierearm.pdf,45.0,1,1
139,../Geschaeftsberichte/Berlinovo/berlinovo_Finanzbericht_2023_barrierearm.pdf,46.0,1,1
140,../Geschaeftsberichte/Berlinovo/020712_BIH_Jaresabschluss_2010_online.pdf,20.0,1,1
141,../Geschaeftsberichte/Berlinovo/020712_BIH_Jaresabschluss_2010_online.pdf,21.0,1,1
142,../Geschaeftsberichte/Berlinovo/020712_BIH_Jaresabschluss_2010_online.pdf,22.0,1,1
143,../Geschaeftsberichte/Berlinovo/210512_BIH_Jahresabschluss_2011_online.pdf,20.0,1,1
144,../Geschaeftsberichte/Berlinovo/210512_BIH_Jahresabschluss_2011_online.pdf,21.0,1,1
145,../Geschaeftsberichte/Berlinovo/210512_BIH_Jahresabschluss_2011_online.pdf,22.0,1,1
146,../Geschaeftsberichte/Berlinovo/070813_GB_berlinovo_2012_screen%2520-%2520Korrekturfassung.pdf,50.0,1,1
147,../Geschaeftsberichte/Berlinovo/070813_GB_berlinovo_2012_screen%2520-%2520Korrekturfassung.pdf,51.0,1,1
148,../Geschaeftsberichte/Berlinovo/070813_GB_berlinovo_2012_screen%2520-%2520Korrekturfassung.pdf,52.0,1,1
149,../Geschaeftsberichte/Berlinovo/Finanzbericht_Berlinovo_2022_bf_s.pdf,42.0,1,1
150,../Geschaeftsberichte/Berlinovo/Finanzbericht_Berlinovo_2022_bf_s.pdf,43.0,1,1
151,../Geschaeftsberichte/Berlinovo/Finanzbericht_Berlinovo_2022_bf_s.pdf,44.0,1,1
152,../Geschaeftsberichte/Berlinovo/berlinovo_Finanzbericht_2023.pdf,44.0,1,1
153,../Geschaeftsberichte/Berlinovo/berlinovo_Finanzbericht_2023.pdf,45.0,1,1
154,../Geschaeftsberichte/Berlinovo/berlinovo_Finanzbericht_2023.pdf,46.0,1,1
155,../Geschaeftsberichte/Berlinovo/200514_gb_2013_online_2.pdf,50.0,1,1
156,../Geschaeftsberichte/Berlinovo/200514_gb_2013_online_2.pdf,51.0,1,1
157,../Geschaeftsberichte/Berlinovo/200514_gb_2013_online_2.pdf,52.0,1,1
158,../Geschaeftsberichte/Berlinovo/berlinovo_gb_2015_online_0.pdf,62.0,1,1
159,../Geschaeftsberichte/Berlinovo/berlinovo_gb_2015_online_0.pdf,63.0,1,1
160,../Geschaeftsberichte/Berlinovo/berlinovo_gb_2015_online_0.pdf,64.0,1,1
161,../Geschaeftsberichte/Berlinovo/berlinovo_gb2019_s.pdf,37.0,1,1
162,../Geschaeftsberichte/Berlinovo/berlinovo_gb2019_s.pdf,37.0,1,1
163,../Geschaeftsberichte/Berlinovo/berlinovo_gb2019_s.pdf,38.0,1,1
164,../Geschaeftsberichte/Berlinovo/berlinovo_Finanzbericht_2021.pdf,40.0,1,1
165,../Geschaeftsberichte/Berlinovo/berlinovo_Finanzbericht_2021.pdf,41.0,1,1
166,../Geschaeftsberichte/Berlinovo/berlinovo_Finanzbericht_2021.pdf,42.0,1,1
167,../Geschaeftsberichte/Berlinovo/Finanzbericht_Berlinovo_2022_s.pdf,42.0,1,1
168,../Geschaeftsberichte/Berlinovo/Finanzbericht_Berlinovo_2022_s.pdf,43.0,1,1
169,../Geschaeftsberichte/Berlinovo/Finanzbericht_Berlinovo_2022_s.pdf,44.0,1,1
170,../Geschaeftsberichte/Berlinovo/berlinovo_gb2018_s.pdf,32.0,1,1
171,../Geschaeftsberichte/Berlinovo/berlinovo_gb2018_s.pdf,33.0,1,1
172,../Geschaeftsberichte/Amt für Statistik Berlin-Brandenburg/AP_Geschaeftsbericht_DE_2019_BBB.pdf,32.0,1,1
173,../Geschaeftsberichte/Amt für Statistik Berlin-Brandenburg/AP_Geschaeftsbericht_DE_2019_BBB.pdf,33.0,1,1
174,../Geschaeftsberichte/Amt für Statistik Berlin-Brandenburg/AP_Geschaeftsbericht_DE_2019_BBB.pdf,34.0,1,1
175,../Geschaeftsberichte/Amt für Statistik Berlin-Brandenburg/AP_Geschaeftsbericht_DE_2021_BBB.pdf,8.0,1,1
176,../Geschaeftsberichte/Amt für Statistik Berlin-Brandenburg/AP_Geschaeftsbericht_DE_2021_BBB.pdf,9.0,1,1
177,../Geschaeftsberichte/Amt für Statistik Berlin-Brandenburg/AP_Geschaeftsbericht_DE_2021_BBB.pdf,10.0,1,1
178,../Geschaeftsberichte/Amt für Statistik Berlin-Brandenburg/AP_Geschaeftsbericht_DE_2023_BBB.pdf,7.0,1,1
179,../Geschaeftsberichte/Amt für Statistik Berlin-Brandenburg/AP_Geschaeftsbericht_DE_2023_BBB.pdf,8.0,1,1
180,../Geschaeftsberichte/Amt für Statistik Berlin-Brandenburg/AP_Geschaeftsbericht_DE_2023_BBB.pdf,9.0,1,1
181,../Geschaeftsberichte/Amt für Statistik Berlin-Brandenburg/AP_Geschaeftsbericht_DE_2011_BBB.pdf,18.0,1,1
182,../Geschaeftsberichte/Amt für Statistik Berlin-Brandenburg/AP_Geschaeftsbericht_DE_2011_BBB.pdf,19.0,1,1
183,../Geschaeftsberichte/Amt für Statistik Berlin-Brandenburg/AP_Geschaeftsbericht_DE_2011_BBB.pdf,20.0,1,1
184,../Geschaeftsberichte/Amt für Statistik Berlin-Brandenburg/AP_Geschaeftsbericht_DE_2018_BBB.pdf,28.0,1,1
185,../Geschaeftsberichte/Amt für Statistik Berlin-Brandenburg/AP_Geschaeftsbericht_DE_2018_BBB.pdf,29.0,1,1
186,../Geschaeftsberichte/Amt für Statistik Berlin-Brandenburg/AP_Geschaeftsbericht_DE_2018_BBB.pdf,30.0,1,1
187,../Geschaeftsberichte/Amt für Statistik Berlin-Brandenburg/AP_Geschaeftsbericht_DE_2022_BBB.pdf,8.0,1,1
188,../Geschaeftsberichte/Amt für Statistik Berlin-Brandenburg/AP_Geschaeftsbericht_DE_2022_BBB.pdf,9.0,1,1
189,../Geschaeftsberichte/Amt für Statistik Berlin-Brandenburg/AP_Geschaeftsbericht_DE_2022_BBB.pdf,10.0,1,1
190,../Geschaeftsberichte/Amt für Statistik Berlin-Brandenburg/AP_Geschaeftsbericht_DE_2016_BBB.pdf,32.0,1,1
191,../Geschaeftsberichte/Amt für Statistik Berlin-Brandenburg/AP_Geschaeftsbericht_DE_2016_BBB.pdf,33.0,1,1
192,../Geschaeftsberichte/Amt für Statistik Berlin-Brandenburg/AP_Geschaeftsbericht_DE_2016_BBB.pdf,34.0,1,1
193,../Geschaeftsberichte/Amt für Statistik Berlin-Brandenburg/AP_Geschaeftsbericht_DE_2009_BBB.pdf,26.0,1,1
194,../Geschaeftsberichte/Amt für Statistik Berlin-Brandenburg/AP_Geschaeftsbericht_DE_2009_BBB.pdf,27.0,1,1
195,../Geschaeftsberichte/Amt für Statistik Berlin-Brandenburg/AP_Geschaeftsbericht_DE_2009_BBB.pdf,28.0,1,1
196,../Geschaeftsberichte/Amt für Statistik Berlin-Brandenburg/AP_Geschaeftsbericht_DE_2014_BBB.pdf,24.0,1,1
197,../Geschaeftsberichte/Amt für Statistik Berlin-Brandenburg/AP_Geschaeftsbericht_DE_2014_BBB.pdf,25.0,1,1
198,../Geschaeftsberichte/Amt für Statistik Berlin-Brandenburg/AP_Geschaeftsbericht_DE_2014_BBB.pdf,26.0,1,1
199,../Geschaeftsberichte/Amt für Statistik Berlin-Brandenburg/AP_Geschaeftsbericht_DE_2007_BBB.pdf,16.0,1,1
200,../Geschaeftsberichte/Amt für Statistik Berlin-Brandenburg/AP_Geschaeftsbericht_DE_2007_BBB.pdf,17.0,1,1
201,../Geschaeftsberichte/Amt für Statistik Berlin-Brandenburg/AP_Geschaeftsbericht_DE_2007_BBB.pdf,18.0,1,1
202,../Geschaeftsberichte/degewo AG/2017_degewo_degewo_Homepage.pdf,24.0,1,1
203,../Geschaeftsberichte/degewo AG/2017_degewo_degewo_Homepage.pdf,25.0,1,1
204,../Geschaeftsberichte/degewo AG/2017_degewo_degewo_Homepage.pdf,27.0,1,1
205,../Geschaeftsberichte/degewo AG/2018_degewo_Konzernlagebericht_und_Konzernabschluss_fuer_das_Geschaeftsjahr.pdf,26.0,1,1
206,../Geschaeftsberichte/degewo AG/2018_degewo_Konzernlagebericht_und_Konzernabschluss_fuer_das_Geschaeftsjahr.pdf,27.0,1,1
207,../Geschaeftsberichte/degewo AG/2018_degewo_Konzernlagebericht_und_Konzernabschluss_fuer_das_Geschaeftsjahr.pdf,29.0,1,1
208,../Geschaeftsberichte/degewo AG/2019_degewo_Konzernbericht_und_Gleicher_Lohn_fuer_gleiche_Arbeit.pdf,26.0,1,1
209,../Geschaeftsberichte/degewo AG/2019_degewo_Konzernbericht_und_Gleicher_Lohn_fuer_gleiche_Arbeit.pdf,27.0,1,1
210,../Geschaeftsberichte/degewo AG/2019_degewo_Konzernbericht_und_Gleicher_Lohn_fuer_gleiche_Arbeit.pdf,29.0,1,1
211,../Geschaeftsberichte/degewo AG/degewo_Konzernlagebericht_Konzernabschluss_2022.pdf,24.0,1,1
212,../Geschaeftsberichte/degewo AG/degewo_Konzernlagebericht_Konzernabschluss_2022.pdf,25.0,1,1
213,../Geschaeftsberichte/degewo AG/degewo_Konzernlagebericht_Konzernabschluss_2022.pdf,27.0,1,1
214,../Geschaeftsberichte/degewo AG/212131_degewo_2022_Konzernlagebericht_Konzernabschluss.pdf,30.0,1,1
215,../Geschaeftsberichte/degewo AG/212131_degewo_2022_Konzernlagebericht_Konzernabschluss.pdf,31.0,1,1
216,../Geschaeftsberichte/degewo AG/212131_degewo_2022_Konzernlagebericht_Konzernabschluss.pdf,33.0,1,1
217,../Geschaeftsberichte/degewo AG/201231_degewo_Konzernlagebericht_Konzernabschluss.pdf,28.0,1,1
218,../Geschaeftsberichte/degewo AG/201231_degewo_Konzernlagebericht_Konzernabschluss.pdf,29.0,1,1
219,../Geschaeftsberichte/degewo AG/201231_degewo_Konzernlagebericht_Konzernabschluss.pdf,31.0,1,1
220,../Geschaeftsberichte/Berlin Energie und Netzholding/Jahresabschluss_2021_BEN_GmbH.pdf,9.0,1,1
221,../Geschaeftsberichte/Berlin Energie und Netzholding/Jahresabschluss_2021_BEN_GmbH.pdf,10.0,1,1
222,../Geschaeftsberichte/Berlin Energie und Netzholding/Jahresabschluss-BEN-GmbH-2023.pdf,21.0,1,1
223,../Geschaeftsberichte/Berlin Energie und Netzholding/Jahresabschluss-BEN-GmbH-2023.pdf,23.0,1,1
224,../Geschaeftsberichte/Berlin Energie und Netzholding/Jahresabschluss-BEN-GmbH-2023.pdf,42.0,1,1
225,../Geschaeftsberichte/Berlin Energie und Netzholding/Jahresabschluss-BEN-GmbH-2023.pdf,43.0,1,1
226,../Geschaeftsberichte/Berlin Energie und Netzholding/SIGNATURE_DEE00084236.1.1_550912_Endexemplar_20230331.pdf,20.0,1,1
227,../Geschaeftsberichte/Berlin Energie und Netzholding/SIGNATURE_DEE00084236.1.1_550912_Endexemplar_20230331.pdf,21.0,1,1
228,../Geschaeftsberichte/Berlin Energie und Netzholding/SIGNATURE_DEE00084236.1.1_550912_Endexemplar_20230331.pdf,23.0,1,1
229,../Geschaeftsberichte/Berlin Energie und Netzholding/SIGNATURE_DEE00084236.1.1_550912_Endexemplar_20230331.pdf,42.0,1,1
230,../Geschaeftsberichte/Berlin Energie und Netzholding/SIGNATURE_DEE00084236.1.1_550912_Endexemplar_20230331.pdf,43.0,1,1
231,../Geschaeftsberichte/GESOBAU AG/GESOBAU_Geschaeftsbericht_2019.pdf,54.0,1,1
232,../Geschaeftsberichte/GESOBAU AG/GESOBAU_Geschaeftsbericht_2019.pdf,55.0,1,1
233,../Geschaeftsberichte/GESOBAU AG/GESOBAU_Geschaeftsbericht_2019.pdf,56.0,1,1
234,../Geschaeftsberichte/GESOBAU AG/GESOBAU_Geschaeftsbericht_2018.pdf,52.0,1,1
235,../Geschaeftsberichte/GESOBAU AG/GESOBAU_Geschaeftsbericht_2018.pdf,53.0,1,1
236,../Geschaeftsberichte/GESOBAU AG/GESOBAU_Geschaeftsbericht_2018.pdf,54.0,1,1
237,../Geschaeftsberichte/GESOBAU AG/GESOBAU_Gesch%C3%A4ftsbericht_2020.pdf,29.0,1,1
238,../Geschaeftsberichte/GESOBAU AG/GESOBAU_Gesch%C3%A4ftsbericht_2020.pdf,30.0,1,1
239,../Geschaeftsberichte/GESOBAU AG/GESOBAU_Gesch%C3%A4ftsbericht_2021.pdf,34.0,1,1
240,../Geschaeftsberichte/GESOBAU AG/GESOBAU_Gesch%C3%A4ftsbericht_2021.pdf,35.0,1,1
241,../Geschaeftsberichte/GESOBAU AG/GESOBAU_Geschaftsbericht_2023_bf.pdf,38.0,1,1
242,../Geschaeftsberichte/GESOBAU AG/GESOBAU_Geschaftsbericht_2023_bf.pdf,39.0,1,1
243,../Geschaeftsberichte/GESOBAU AG/GESOBAU_Geschaeftsbericht_2012.pdf,40.0,1,1
244,../Geschaeftsberichte/GESOBAU AG/GESOBAU_Geschaeftsbericht_2012.pdf,41.0,1,1
245,../Geschaeftsberichte/GESOBAU AG/GESOBAU_Geschaeftsbericht_2012.pdf,42.0,1,1
246,../Geschaeftsberichte/GESOBAU AG/Gesch%C3%A4ftsbericht_2022_bf.pdf,32.0,1,1
247,../Geschaeftsberichte/GESOBAU AG/Gesch%C3%A4ftsbericht_2022_bf.pdf,33.0,1,1
248,../Geschaeftsberichte/GESOBAU AG/GESOBAU_Geschaeftsbericht_2013.pdf,40.0,1,1
249,../Geschaeftsberichte/GESOBAU AG/GESOBAU_Geschaeftsbericht_2013.pdf,41.0,1,1
250,../Geschaeftsberichte/GESOBAU AG/GESOBAU_Geschaeftsbericht_2013.pdf,42.0,1,1
251,../Geschaeftsberichte/GESOBAU AG/GESOBAU_Geschaeftsbericht_2015.pdf,40.0,1,1
252,../Geschaeftsberichte/GESOBAU AG/GESOBAU_Geschaeftsbericht_2015.pdf,41.0,1,1
253,../Geschaeftsberichte/GESOBAU AG/GESOBAU_Geschaeftsbericht_2015.pdf,42.0,1,1
254,../Geschaeftsberichte/GESOBAU AG/GESOBAU_Gesch%C3%A4ftsbericht_2024.pdf,62.0,1,1
255,../Geschaeftsberichte/GESOBAU AG/GESOBAU_Gesch%C3%A4ftsbericht_2024.pdf,63.0,1,1
256,../Geschaeftsberichte/GESOBAU AG/GESOBAU_Gesch%C3%A4ftsbericht_2024.pdf,64.0,1,1
257,../Geschaeftsberichte/GESOBAU AG/GESOBAU_Geschaeftsbericht_2014.pdf,40.0,1,1
258,../Geschaeftsberichte/GESOBAU AG/GESOBAU_Geschaeftsbericht_2014.pdf,41.0,1,1
259,../Geschaeftsberichte/GESOBAU AG/GESOBAU_Geschaeftsbericht_2014.pdf,42.0,1,1
260,../Geschaeftsberichte/GESOBAU AG/GESOBAU_Geschaeftsbericht_2016.pdf,42.0,1,1
261,../Geschaeftsberichte/GESOBAU AG/GESOBAU_Geschaeftsbericht_2016.pdf,43.0,1,1
262,../Geschaeftsberichte/GESOBAU AG/GESOBAU_Geschaeftsbericht_2016.pdf,44.0,1,1
263,../Geschaeftsberichte/GESOBAU AG/GESOBAU_Geschaeftsbericht_2016.pdf,62.0,1,1
264,../Geschaeftsberichte/GESOBAU AG/GESOBAU_Geschaeftsbericht_2017.pdf,52.0,1,1
265,../Geschaeftsberichte/GESOBAU AG/GESOBAU_Geschaeftsbericht_2017.pdf,53.0,1,1
266,../Geschaeftsberichte/GESOBAU AG/GESOBAU_Geschaeftsbericht_2017.pdf,54.0,1,1
0,../Geschaeftsberichte/Berliner Bäder Betriebe/GB_BBB_Infra_2022_low.pdf,15.0,0,0
1,../Geschaeftsberichte/Berliner Bäder Betriebe/GB_BBB_Infra_2022_low.pdf,22.0,0,0
2,../Geschaeftsberichte/Berliner Bäder Betriebe/GB_BBB_Infra_2022_low.pdf,33.0,0,0
3,../Geschaeftsberichte/Berliner Bäder Betriebe/GB_BBB_Infra_2022_low.pdf,34.0,0,0
4,../Geschaeftsberichte/Berliner Bäder Betriebe/GB_BBB_Infra_2022_low.pdf,35.0,1,0
5,../Geschaeftsberichte/Berliner Bäder Betriebe/GB_BBB_Infra_2022_low.pdf,47.0,0,0
6,../Geschaeftsberichte/Berliner Bäder Betriebe/GB_BBB_Infra_2022_low.pdf,51.0,0,0
7,../Geschaeftsberichte/Berliner Bäder Betriebe/2023_Geschaeftsbericht_BBB.pdf,11.0,1,0
8,../Geschaeftsberichte/Berliner Bäder Betriebe/2023_Geschaeftsbericht_BBB.pdf,12.0,0,0
9,../Geschaeftsberichte/Berliner Bäder Betriebe/2023_Geschaeftsbericht_BBB.pdf,21.0,1,0
10,../Geschaeftsberichte/Berliner Bäder Betriebe/2023_Geschaeftsbericht_BBB.pdf,22.0,0,0
11,../Geschaeftsberichte/Berliner Bäder Betriebe/2023_Geschaeftsbericht_BBB.pdf,23.0,1,0
12,../Geschaeftsberichte/Berliner Bäder Betriebe/2023_Geschaeftsbericht_BBB.pdf,31.0,0,0
13,../Geschaeftsberichte/Berliner Bäder Betriebe/GB_BBB_Infra_2020.pdf,15.0,0,0
14,../Geschaeftsberichte/Berliner Bäder Betriebe/GB_BBB_Infra_2020.pdf,22.0,1,0
15,../Geschaeftsberichte/Berliner Bäder Betriebe/GB_BBB_Infra_2020.pdf,23.0,1,0
16,../Geschaeftsberichte/Berliner Bäder Betriebe/GB_BBB_Infra_2020.pdf,33.0,0,0
17,../Geschaeftsberichte/Berliner Bäder Betriebe/GB_BBB_Infra_2020.pdf,34.0,0,0
18,../Geschaeftsberichte/Berliner Bäder Betriebe/GB_BBB_Infra_2020.pdf,35.0,0,0
19,../Geschaeftsberichte/Berliner Bäder Betriebe/GB_BBB_Infra_2020.pdf,45.0,0,0
20,../Geschaeftsberichte/Berliner Bäder Betriebe/GB_BBB_Infra_2020.pdf,49.0,0,0
21,../Geschaeftsberichte/Berliner Bäder Betriebe/2020_Geschaeftsbericht_BBB.pdf,31.0,1,0
22,../Geschaeftsberichte/Berliner Bäder Betriebe/2020_Geschaeftsbericht_BBB.pdf,32.0,1,0
23,../Geschaeftsberichte/Berliner Bäder Betriebe/2020_Geschaeftsbericht_BBB.pdf,41.0,1,0
24,../Geschaeftsberichte/Berliner Bäder Betriebe/2020_Geschaeftsbericht_BBB.pdf,42.0,0,0
25,../Geschaeftsberichte/Berliner Bäder Betriebe/2020_Geschaeftsbericht_BBB.pdf,43.0,1,0
26,../Geschaeftsberichte/Berliner Bäder Betriebe/2020_Geschaeftsbericht_BBB.pdf,50.0,0,0
27,../Geschaeftsberichte/Berliner Bäder Betriebe/GB_BBB_Infra_2023.pdf,12.0,0,0
28,../Geschaeftsberichte/Berliner Bäder Betriebe/GB_BBB_Infra_2023.pdf,20.0,0,0
29,../Geschaeftsberichte/Berliner Bäder Betriebe/GB_BBB_Infra_2023.pdf,30.0,0,0
30,../Geschaeftsberichte/Berliner Bäder Betriebe/GB_BBB_Infra_2023.pdf,42.0,0,0
31,../Geschaeftsberichte/Berliner Bäder Betriebe/GB_BBB_Infra_2023.pdf,46.0,0,0
32,../Geschaeftsberichte/Berliner Bäder Betriebe/2021_Geschaeftsbericht_BBB.pdf,31.0,0,0
33,../Geschaeftsberichte/Berliner Bäder Betriebe/2021_Geschaeftsbericht_BBB.pdf,39.0,1,0
34,../Geschaeftsberichte/Berliner Bäder Betriebe/2021_Geschaeftsbericht_BBB.pdf,40.0,0,0
35,../Geschaeftsberichte/Berliner Bäder Betriebe/2021_Geschaeftsbericht_BBB.pdf,41.0,1,0
36,../Geschaeftsberichte/Berliner Bäder Betriebe/2021_Geschaeftsbericht_BBB.pdf,42.0,1,0
37,../Geschaeftsberichte/Berliner Bäder Betriebe/2021_Geschaeftsbericht_BBB.pdf,50.0,0,0
38,../Geschaeftsberichte/Berliner Bäder Betriebe/GB_BBB_Infra_2019.pdf,8.0,0,0
39,../Geschaeftsberichte/Berliner Bäder Betriebe/GB_BBB_Infra_2019.pdf,12.0,1,0
40,../Geschaeftsberichte/Berliner Bäder Betriebe/GB_BBB_Infra_2019.pdf,9.0,0,0
41,../Geschaeftsberichte/Berliner Bäder Betriebe/GB_BBB_Infra_2019.pdf,17.0,0,0
42,../Geschaeftsberichte/Berliner Bäder Betriebe/GB_BBB_Infra_2019.pdf,18.0,0,0
43,../Geschaeftsberichte/Berliner Bäder Betriebe/GB_BBB_Infra_2019.pdf,23.0,0,0
44,../Geschaeftsberichte/Berliner Bäder Betriebe/GB_BBB_Infra_2019.pdf,25.0,0,0
45,../Geschaeftsberichte/Berliner Bäder Betriebe/2022_Geschaeftsbericht_BBB.pdf,14.0,1,0
46,../Geschaeftsberichte/Berliner Bäder Betriebe/2022_Geschaeftsbericht_BBB.pdf,25.0,1,0
47,../Geschaeftsberichte/Berliner Bäder Betriebe/2022_Geschaeftsbericht_BBB.pdf,26.0,0,0
48,../Geschaeftsberichte/Berliner Bäder Betriebe/2022_Geschaeftsbericht_BBB.pdf,28.0,1,0
49,../Geschaeftsberichte/Berliner Bäder Betriebe/2022_Geschaeftsbericht_BBB.pdf,36.0,0,0
50,../Geschaeftsberichte/Berliner Bäder Betriebe/2019_Geschaeftsbericht_BBB.pdf,17.0,1,0
51,../Geschaeftsberichte/Berliner Bäder Betriebe/2019_Geschaeftsbericht_BBB.pdf,18.0,1,0
52,../Geschaeftsberichte/Berliner Bäder Betriebe/2019_Geschaeftsbericht_BBB.pdf,22.0,0,0
53,../Geschaeftsberichte/Berliner Bäder Betriebe/2019_Geschaeftsbericht_BBB.pdf,23.0,1,0
54,../Geschaeftsberichte/Berliner Bäder Betriebe/2019_Geschaeftsbericht_BBB.pdf,27.0,0,0
55,../Geschaeftsberichte/Berliner Bäder Betriebe/GB_BBB_Infra_2021.pdf,15.0,0,0
56,../Geschaeftsberichte/Berliner Bäder Betriebe/GB_BBB_Infra_2021.pdf,16.0,0,0
57,../Geschaeftsberichte/Berliner Bäder Betriebe/GB_BBB_Infra_2021.pdf,31.0,0,0
58,../Geschaeftsberichte/Berliner Bäder Betriebe/GB_BBB_Infra_2021.pdf,32.0,0,0
59,../Geschaeftsberichte/Berliner Bäder Betriebe/GB_BBB_Infra_2021.pdf,33.0,0,0
60,../Geschaeftsberichte/Berliner Bäder Betriebe/GB_BBB_Infra_2021.pdf,43.0,0,0
61,../Geschaeftsberichte/Berliner Bäder Betriebe/GB_BBB_Infra_2021.pdf,47.0,0,0
62,../Geschaeftsberichte/IBB/ibb_geschaeftsbericht_2017.pdf,28.0,0,0
63,../Geschaeftsberichte/IBB/ibb_geschaeftsbericht_2017.pdf,35.0,1,0
64,../Geschaeftsberichte/IBB/ibb_geschaeftsbericht_2017.pdf,36.0,1,0
65,../Geschaeftsberichte/IBB/ibb_geschaeftsbericht_2017.pdf,40.0,0,0
66,../Geschaeftsberichte/IBB/ibb-jahresabschluss-und-lagebericht-2023.pdf,8.0,1,0
67,../Geschaeftsberichte/IBB/ibb-jahresabschluss-und-lagebericht-2023.pdf,40.0,0,0
68,../Geschaeftsberichte/IBB/ibb-jahresabschluss-und-lagebericht-2023.pdf,48.0,1,0
69,../Geschaeftsberichte/IBB/ibb-jahresabschluss-und-lagebericht-2023.pdf,55.0,1,0
70,../Geschaeftsberichte/IBB/ibb-jahresabschluss-und-lagebericht-2023.pdf,2.0,0,0
71,../Geschaeftsberichte/IBB/ibb-jahresabschluss-und-lagebericht-2023.pdf,25.0,1,0
72,../Geschaeftsberichte/IBB/ibb-jahresabschluss-und-lagebericht-2023.pdf,66.0,0,0
73,../Geschaeftsberichte/IBB/ibb_geschaeftsbericht_2020.pdf,41.0,0,0
74,../Geschaeftsberichte/IBB/ibb_geschaeftsbericht_2020.pdf,48.0,1,0
75,../Geschaeftsberichte/IBB/ibb_geschaeftsbericht_2020.pdf,49.0,1,0
76,../Geschaeftsberichte/IBB/ibb_geschaeftsbericht_2020.pdf,53.0,0,0
77,../Geschaeftsberichte/IBB/ibb_geschaeftsbericht_2020.pdf,59.0,0,0
78,../Geschaeftsberichte/IBB/ibb_geschaeftsbericht_2013.pdf,88.0,1,0
79,../Geschaeftsberichte/IBB/ibb_geschaeftsbericht_2013.pdf,106.0,1,0
80,../Geschaeftsberichte/IBB/ibb_geschaeftsbericht_2013.pdf,102.0,0,0
81,../Geschaeftsberichte/IBB/ibb_geschaeftsbericht_2013.pdf,112.0,1,0
82,../Geschaeftsberichte/IBB/ibb_geschaeftsbericht_2014.pdf,53.0,1,0
83,../Geschaeftsberichte/IBB/ibb_geschaeftsbericht_2014.pdf,69.0,0,0
84,../Geschaeftsberichte/IBB/ibb_geschaeftsbericht_2014.pdf,82.0,1,0
85,../Geschaeftsberichte/IBB/ibb_geschaeftsbericht_2014.pdf,5.0,0,0
86,../Geschaeftsberichte/IBB/ibb_geschaeftsbericht_2014.pdf,78.0,0,0
87,../Geschaeftsberichte/IBB/ibb_geschaeftsbericht_2014.pdf,88.0,1,0
88,../Geschaeftsberichte/IBB/ibb_geschaeftsbericht_2014.pdf,94.0,0,0
89,../Geschaeftsberichte/IBB/ibb-geschaeftsbericht-2021.pdf,53.0,0,0
90,../Geschaeftsberichte/IBB/ibb-geschaeftsbericht-2021.pdf,62.0,1,0
91,../Geschaeftsberichte/IBB/ibb-geschaeftsbericht-2021.pdf,63.0,1,0
92,../Geschaeftsberichte/IBB/ibb-geschaeftsbericht-2021.pdf,73.0,1,0
93,../Geschaeftsberichte/IBB/ibb-geschaeftsbericht-2021.pdf,4.0,0,0
94,../Geschaeftsberichte/IBB/ibb-geschaeftsbericht-2021.pdf,76.0,0,0
95,../Geschaeftsberichte/IBB/ibb_digitaler_geschaeftsbericht_2017.pdf,11.0,1,0
96,../Geschaeftsberichte/IBB/ibb_geschaeftsbericht_2007.pdf,62.0,1,0
97,../Geschaeftsberichte/IBB/ibb_geschaeftsbericht_2007.pdf,82.0,1,0
98,../Geschaeftsberichte/IBB/ibb_geschaeftsbericht_2007.pdf,5.0,0,0
99,../Geschaeftsberichte/IBB/ibb_geschaeftsbericht_2007.pdf,78.0,0,0
100,../Geschaeftsberichte/IBB/ibb_geschaeftsbericht_2007.pdf,89.0,1,0
101,../Geschaeftsberichte/IBB/ibb_geschaeftsbericht_2007.pdf,90.0,1,0
102,../Geschaeftsberichte/IBB/ibb_geschaeftsbericht_2007.pdf,94.0,0,0
103,../Geschaeftsberichte/IBB/ibb_geschaeftsbericht_2008.pdf,58.0,1,0
104,../Geschaeftsberichte/IBB/ibb_geschaeftsbericht_2008.pdf,80.0,1,0
105,../Geschaeftsberichte/IBB/ibb_geschaeftsbericht_2008.pdf,5.0,0,0
106,../Geschaeftsberichte/IBB/ibb_geschaeftsbericht_2008.pdf,76.0,0,0
107,../Geschaeftsberichte/IBB/ibb_geschaeftsbericht_2008.pdf,87.0,1,0
108,../Geschaeftsberichte/IBB/ibb_geschaeftsbericht_2008.pdf,92.0,0,0
109,../Geschaeftsberichte/IBB/ibb_geschaeftsbericht_2011.pdf,124.0,1,0
110,../Geschaeftsberichte/IBB/ibb_geschaeftsbericht_2011.pdf,131.0,1,0
111,../Geschaeftsberichte/IBB/ibb_geschaeftsbericht_2012.pdf,65.0,0,0
112,../Geschaeftsberichte/IBB/ibb_geschaeftsbericht_2012.pdf,105.0,1,0
113,../Geschaeftsberichte/IBB/ibb_geschaeftsbericht_2012.pdf,124.0,1,0
114,../Geschaeftsberichte/IBB/ibb_geschaeftsbericht_2012.pdf,5.0,0,0
115,../Geschaeftsberichte/IBB/ibb_geschaeftsbericht_2012.pdf,120.0,0,0
116,../Geschaeftsberichte/IBB/ibb_geschaeftsbericht_2012.pdf,131.0,1,0
117,../Geschaeftsberichte/IBB/ibb_geschaeftsbericht_2010.pdf,115.0,1,0
118,../Geschaeftsberichte/IBB/ibb_geschaeftsbericht_2010.pdf,111.0,0,0
119,../Geschaeftsberichte/IBB/ibb_geschaeftsbericht_2010.pdf,122.0,1,0
120,../Geschaeftsberichte/IBB/ibb_geschaeftsbericht_2015.pdf,28.0,0,0
121,../Geschaeftsberichte/IBB/ibb_geschaeftsbericht_2015.pdf,36.0,1,0
122,../Geschaeftsberichte/IBB/ibb_geschaeftsbericht_2015.pdf,37.0,1,0
123,../Geschaeftsberichte/IBB/ibb_geschaeftsbericht_2015.pdf,5.0,0,0
124,../Geschaeftsberichte/IBB/ibb_geschaeftsbericht_2015.pdf,48.0,0,0
125,../Geschaeftsberichte/IBB/ibb_geschaeftsbericht_2019.pdf,38.0,1,0
126,../Geschaeftsberichte/IBB/ibb_geschaeftsbericht_2019.pdf,39.0,1,0
127,../Geschaeftsberichte/IBB/ibb_geschaeftsbericht_2019.pdf,42.0,0,0
128,../Geschaeftsberichte/IBB/ibb_geschaeftsbericht_2019.pdf,48.0,0,0
129,../Geschaeftsberichte/IBB/ibb_geschaeftsbericht_2009.pdf,74.0,1,0
130,../Geschaeftsberichte/IBB/ibb_geschaeftsbericht_2009.pdf,97.0,1,0
131,../Geschaeftsberichte/IBB/ibb_geschaeftsbericht_2009.pdf,6.0,0,0
132,../Geschaeftsberichte/IBB/ibb_geschaeftsbericht_2009.pdf,93.0,0,0
133,../Geschaeftsberichte/IBB/ibb_geschaeftsbericht_2009.pdf,103.0,1,0
134,../Geschaeftsberichte/IBB/ibb_geschaeftsbericht_2009.pdf,109.0,0,0
135,../Geschaeftsberichte/IBB/ibb_geschaeftsbericht_2004.pdf,73.0,1,0
136,../Geschaeftsberichte/IBB/ibb_geschaeftsbericht_2004.pdf,5.0,0,0
137,../Geschaeftsberichte/IBB/ibb_geschaeftsbericht_2004.pdf,70.0,0,0
138,../Geschaeftsberichte/IBB/ibb-jahresabschluss-und-lagebericht-2024.pdf,5.0,0,0
139,../Geschaeftsberichte/IBB/ibb-jahresabschluss-und-lagebericht-2024.pdf,12.0,1,0
140,../Geschaeftsberichte/IBB/ibb-jahresabschluss-und-lagebericht-2024.pdf,18.0,1,0
141,../Geschaeftsberichte/IBB/ibb-jahresabschluss-und-lagebericht-2024.pdf,39.0,1,0
142,../Geschaeftsberichte/IBB/ibb-jahresabschluss-und-lagebericht-2024.pdf,31.0,0,0
143,../Geschaeftsberichte/IBB/ibb-jahresabschluss-und-lagebericht-2024.pdf,41.0,0,0
144,../Geschaeftsberichte/IBB/ibb-jahresabschluss-und-lagebericht-2024.pdf,48.0,1,0
145,../Geschaeftsberichte/IBB/ibb-jahresabschluss-und-lagebericht-2024.pdf,57.0,0,0
146,../Geschaeftsberichte/IBB/ibb_geschaeftsbericht_2006.pdf,56.0,1,0
147,../Geschaeftsberichte/IBB/ibb_geschaeftsbericht_2006.pdf,76.0,1,0
148,../Geschaeftsberichte/IBB/ibb_geschaeftsbericht_2006.pdf,7.0,0,0
149,../Geschaeftsberichte/IBB/ibb_geschaeftsbericht_2006.pdf,72.0,0,0
150,../Geschaeftsberichte/IBB/ibb_geschaeftsbericht_2006.pdf,83.0,1,0
151,../Geschaeftsberichte/IBB/ibb_geschaeftsbericht_2006.pdf,88.0,0,0
152,../Geschaeftsberichte/IBB/ibb_geschaeftsbericht_2005.pdf,45.0,1,0
153,../Geschaeftsberichte/IBB/ibb_geschaeftsbericht_2005.pdf,74.0,1,0
154,../Geschaeftsberichte/IBB/ibb_geschaeftsbericht_2005.pdf,5.0,0,0
155,../Geschaeftsberichte/IBB/ibb_geschaeftsbericht_2005.pdf,56.0,1,0
156,../Geschaeftsberichte/IBB/ibb_geschaeftsbericht_2005.pdf,70.0,0,0
157,../Geschaeftsberichte/IBB/ibb_geschaeftsbericht_2005.pdf,81.0,1,0
158,../Geschaeftsberichte/IBB/ibb_geschaeftsbericht_2016.pdf,36.0,1,0
159,../Geschaeftsberichte/IBB/ibb_geschaeftsbericht_2016.pdf,37.0,1,0
160,../Geschaeftsberichte/IBB/ibb_geschaeftsbericht_2016.pdf,48.0,0,0
161,../Geschaeftsberichte/IBB/ibb_geschaeftsbericht_2018.pdf,40.0,1,0
162,../Geschaeftsberichte/IBB/ibb_geschaeftsbericht_2018.pdf,41.0,1,0
163,../Geschaeftsberichte/IBB/ibb_geschaeftsbericht_2018.pdf,45.0,0,0
164,../Geschaeftsberichte/IBB/ibb_geschaeftsbericht_2018.pdf,51.0,0,0
165,../Geschaeftsberichte/IBB/ibb-jahresabschluss-und-lagebericht-2022.pdf,7.0,1,0
166,../Geschaeftsberichte/IBB/ibb-jahresabschluss-und-lagebericht-2022.pdf,28.0,0,0
167,../Geschaeftsberichte/IBB/ibb-jahresabschluss-und-lagebericht-2022.pdf,35.0,1,0
168,../Geschaeftsberichte/IBB/ibb-jahresabschluss-und-lagebericht-2022.pdf,36.0,1,0
169,../Geschaeftsberichte/IBB/ibb-jahresabschluss-und-lagebericht-2022.pdf,41.0,0,0
170,../Geschaeftsberichte/IBB/ibb-jahresabschluss-und-lagebericht-2022.pdf,42.0,1,0
171,../Geschaeftsberichte/IBB/ibb-jahresabschluss-und-lagebericht-2022.pdf,8.0,0,0
172,../Geschaeftsberichte/IBB/ibb-jahresabschluss-und-lagebericht-2022.pdf,17.0,1,0
173,../Geschaeftsberichte/IBB/ibb-jahresabschluss-und-lagebericht-2022.pdf,52.0,0,0
174,../Geschaeftsberichte/IBB/ibb-jahresabschluss-und-lagebericht-2022.pdf,53.0,0,0
175,../Geschaeftsberichte/Berlinovo/geschaeftsbericht_berlinovo_2017_0.pdf,45.0,1,0
176,../Geschaeftsberichte/Berlinovo/geschaeftsbericht_berlinovo_2017_0.pdf,56.0,0,0
177,../Geschaeftsberichte/Berlinovo/geschaeftsbericht_berlinovo_2017_0.pdf,53.0,0,0
178,../Geschaeftsberichte/Berlinovo/geschaeftsbericht_berlinovo_2017_0.pdf,55.0,0,0
179,../Geschaeftsberichte/Berlinovo/geschaeftsbericht_berlinovo_2017_0.pdf,58.0,0,0
180,../Geschaeftsberichte/Berlinovo/geschaeftsbericht_berlinovo_2017_0.pdf,61.0,0,0
181,../Geschaeftsberichte/Berlinovo/040815_berlinovo_gb_online_rz.pdf,47.0,1,0
182,../Geschaeftsberichte/Berlinovo/040815_berlinovo_gb_online_rz.pdf,66.0,0,0
183,../Geschaeftsberichte/Berlinovo/040815_berlinovo_gb_online_rz.pdf,45.0,1,0
184,../Geschaeftsberichte/Berlinovo/040815_berlinovo_gb_online_rz.pdf,48.0,0,0
185,../Geschaeftsberichte/Berlinovo/040815_berlinovo_gb_online_rz.pdf,63.0,0,0
186,../Geschaeftsberichte/Berlinovo/040815_berlinovo_gb_online_rz.pdf,70.0,0,0
187,../Geschaeftsberichte/Berlinovo/040815_berlinovo_gb_online_rz.pdf,75.0,1,0
188,../Geschaeftsberichte/Berlinovo/berlinovo_gb_2016_online_2.pdf,45.0,1,0
189,../Geschaeftsberichte/Berlinovo/berlinovo_gb_2016_online_2.pdf,59.0,0,0
190,../Geschaeftsberichte/Berlinovo/berlinovo_gb_2016_online_2.pdf,9.0,0,0
191,../Geschaeftsberichte/Berlinovo/berlinovo_gb_2016_online_2.pdf,56.0,0,0
192,../Geschaeftsberichte/Berlinovo/berlinovo_gb_2016_online_2.pdf,58.0,0,0
193,../Geschaeftsberichte/Berlinovo/berlinovo_gb_2016_online_2.pdf,60.0,0,0
194,../Geschaeftsberichte/Berlinovo/berlinovo_gb_2016_online_2.pdf,61.0,0,0
195,../Geschaeftsberichte/Berlinovo/berlinovo_gb_2016_online_2.pdf,63.0,0,0
196,../Geschaeftsberichte/Berlinovo/berlinovo_Finanzbericht_2023_barrierearm.pdf,49.0,1,0
197,../Geschaeftsberichte/Berlinovo/berlinovo_Finanzbericht_2023_barrierearm.pdf,62.0,1,0
198,../Geschaeftsberichte/Berlinovo/berlinovo_Finanzbericht_2023_barrierearm.pdf,2.0,0,0
199,../Geschaeftsberichte/Berlinovo/berlinovo_Finanzbericht_2023_barrierearm.pdf,47.0,1,0
200,../Geschaeftsberichte/Berlinovo/berlinovo_Finanzbericht_2023_barrierearm.pdf,48.0,1,0
201,../Geschaeftsberichte/Berlinovo/berlinovo_Finanzbericht_2023_barrierearm.pdf,50.0,0,0
202,../Geschaeftsberichte/Berlinovo/berlinovo_Finanzbericht_2023_barrierearm.pdf,65.0,1,0
203,../Geschaeftsberichte/Berlinovo/berlinovo_Finanzbericht_2023_barrierearm.pdf,67.0,1,0
204,../Geschaeftsberichte/Berlinovo/berlinovo_Finanzbericht_2023_barrierearm.pdf,76.0,0,0
205,../Geschaeftsberichte/Berlinovo/020712_BIH_Jaresabschluss_2010_online.pdf,24.0,0,0
206,../Geschaeftsberichte/Berlinovo/020712_BIH_Jaresabschluss_2010_online.pdf,25.0,0,0
207,../Geschaeftsberichte/Berlinovo/020712_BIH_Jaresabschluss_2010_online.pdf,44.0,1,0
208,../Geschaeftsberichte/Berlinovo/020712_BIH_Jaresabschluss_2010_online.pdf,12.0,0,0
210,../Geschaeftsberichte/Berlinovo/020712_BIH_Jaresabschluss_2010_online.pdf,23.0,0,0
211,../Geschaeftsberichte/Berlinovo/020712_BIH_Jaresabschluss_2010_online.pdf,27.0,0,0
212,../Geschaeftsberichte/Berlinovo/020712_BIH_Jaresabschluss_2010_online.pdf,30.0,1,0
213,../Geschaeftsberichte/Berlinovo/020712_BIH_Jaresabschluss_2010_online.pdf,35.0,1,0
214,../Geschaeftsberichte/Berlinovo/020712_BIH_Jaresabschluss_2010_online.pdf,50.0,0,0
215,../Geschaeftsberichte/Berlinovo/210512_BIH_Jahresabschluss_2011_online.pdf,24.0,0,0
216,../Geschaeftsberichte/Berlinovo/210512_BIH_Jahresabschluss_2011_online.pdf,25.0,0,0
217,../Geschaeftsberichte/Berlinovo/210512_BIH_Jahresabschluss_2011_online.pdf,46.0,1,0
218,../Geschaeftsberichte/Berlinovo/210512_BIH_Jahresabschluss_2011_online.pdf,14.0,0,0
219,../Geschaeftsberichte/Berlinovo/210512_BIH_Jahresabschluss_2011_online.pdf,23.0,0,0
220,../Geschaeftsberichte/Berlinovo/210512_BIH_Jahresabschluss_2011_online.pdf,27.0,0,0
221,../Geschaeftsberichte/Berlinovo/210512_BIH_Jahresabschluss_2011_online.pdf,35.0,1,0
222,../Geschaeftsberichte/Berlinovo/210512_BIH_Jahresabschluss_2011_online.pdf,52.0,0,0
223,../Geschaeftsberichte/Berlinovo/070813_GB_berlinovo_2012_screen%2520-%2520Korrekturfassung.pdf,36.0,0,0
224,../Geschaeftsberichte/Berlinovo/070813_GB_berlinovo_2012_screen%2520-%2520Korrekturfassung.pdf,55.0,0,0
225,../Geschaeftsberichte/Berlinovo/070813_GB_berlinovo_2012_screen%2520-%2520Korrekturfassung.pdf,94.0,1,0
226,../Geschaeftsberichte/Berlinovo/070813_GB_berlinovo_2012_screen%2520-%2520Korrekturfassung.pdf,53.0,0,0
227,../Geschaeftsberichte/Berlinovo/070813_GB_berlinovo_2012_screen%2520-%2520Korrekturfassung.pdf,59.0,0,0
228,../Geschaeftsberichte/Berlinovo/070813_GB_berlinovo_2012_screen%2520-%2520Korrekturfassung.pdf,66.0,1,0
229,../Geschaeftsberichte/Berlinovo/070813_GB_berlinovo_2012_screen%2520-%2520Korrekturfassung.pdf,99.0,0,0
230,../Geschaeftsberichte/Berlinovo/Finanzbericht_Berlinovo_2022_bf_s.pdf,47.0,1,0
231,../Geschaeftsberichte/Berlinovo/Finanzbericht_Berlinovo_2022_bf_s.pdf,56.0,1,0
232,../Geschaeftsberichte/Berlinovo/Finanzbericht_Berlinovo_2022_bf_s.pdf,2.0,0,0
233,../Geschaeftsberichte/Berlinovo/Finanzbericht_Berlinovo_2022_bf_s.pdf,45.0,1,0
234,../Geschaeftsberichte/Berlinovo/Finanzbericht_Berlinovo_2022_bf_s.pdf,46.0,1,0
235,../Geschaeftsberichte/Berlinovo/Finanzbericht_Berlinovo_2022_bf_s.pdf,48.0,0,0
236,../Geschaeftsberichte/Berlinovo/Finanzbericht_Berlinovo_2022_bf_s.pdf,50.0,0,0
237,../Geschaeftsberichte/Berlinovo/Finanzbericht_Berlinovo_2022_bf_s.pdf,54.0,0,0
238,../Geschaeftsberichte/Berlinovo/Finanzbericht_Berlinovo_2022_bf_s.pdf,57.0,1,0
239,../Geschaeftsberichte/Berlinovo/Finanzbericht_Berlinovo_2022_bf_s.pdf,58.0,0,0
240,../Geschaeftsberichte/Berlinovo/Finanzbericht_Berlinovo_2022_bf_s.pdf,59.0,1,0
241,../Geschaeftsberichte/Berlinovo/Finanzbericht_Berlinovo_2022_bf_s.pdf,60.0,1,0
242,../Geschaeftsberichte/Berlinovo/Finanzbericht_Berlinovo_2022_bf_s.pdf,61.0,1,0
243,../Geschaeftsberichte/Berlinovo/Finanzbericht_Berlinovo_2022_bf_s.pdf,62.0,1,0
244,../Geschaeftsberichte/Berlinovo/Finanzbericht_Berlinovo_2022_bf_s.pdf,65.0,0,0
245,../Geschaeftsberichte/Berlinovo/berlinovo_Finanzbericht_2023.pdf,49.0,1,0
246,../Geschaeftsberichte/Berlinovo/berlinovo_Finanzbericht_2023.pdf,62.0,1,0
247,../Geschaeftsberichte/Berlinovo/berlinovo_Finanzbericht_2023.pdf,2.0,0,0
248,../Geschaeftsberichte/Berlinovo/berlinovo_Finanzbericht_2023.pdf,47.0,1,0
249,../Geschaeftsberichte/Berlinovo/berlinovo_Finanzbericht_2023.pdf,48.0,1,0
250,../Geschaeftsberichte/Berlinovo/berlinovo_Finanzbericht_2023.pdf,50.0,0,0
251,../Geschaeftsberichte/Berlinovo/berlinovo_Finanzbericht_2023.pdf,65.0,1,0
252,../Geschaeftsberichte/Berlinovo/berlinovo_Finanzbericht_2023.pdf,67.0,1,0
253,../Geschaeftsberichte/Berlinovo/berlinovo_Finanzbericht_2023.pdf,76.0,0,0
255,../Geschaeftsberichte/Berlinovo/200514_gb_2013_online_2.pdf,56.0,0,0
256,../Geschaeftsberichte/Berlinovo/200514_gb_2013_online_2.pdf,57.0,0,0
257,../Geschaeftsberichte/Berlinovo/200514_gb_2013_online_2.pdf,94.0,1,0
259,../Geschaeftsberichte/Berlinovo/200514_gb_2013_online_2.pdf,53.0,0,0
260,../Geschaeftsberichte/Berlinovo/200514_gb_2013_online_2.pdf,65.0,1,0
261,../Geschaeftsberichte/Berlinovo/200514_gb_2013_online_2.pdf,99.0,0,0
262,../Geschaeftsberichte/Berlinovo/berlinovo_gb_2015_online_0.pdf,51.0,1,0
263,../Geschaeftsberichte/Berlinovo/berlinovo_gb_2015_online_0.pdf,69.0,0,0
264,../Geschaeftsberichte/Berlinovo/berlinovo_gb_2015_online_0.pdf,49.0,1,0
265,../Geschaeftsberichte/Berlinovo/berlinovo_gb_2015_online_0.pdf,52.0,0,0
266,../Geschaeftsberichte/Berlinovo/berlinovo_gb_2015_online_0.pdf,65.0,0,0
267,../Geschaeftsberichte/Berlinovo/berlinovo_gb_2015_online_0.pdf,66.0,0,0
268,../Geschaeftsberichte/Berlinovo/berlinovo_gb_2015_online_0.pdf,78.0,1,0
271,../Geschaeftsberichte/Berlinovo/berlinovo_gb2019_s.pdf,40.0,0,0
272,../Geschaeftsberichte/Berlinovo/berlinovo_gb2019_s.pdf,36.0,0,0
273,../Geschaeftsberichte/Berlinovo/berlinovo_gb2019_s.pdf,39.0,0,0
274,../Geschaeftsberichte/Berlinovo/berlinovo_gb2019_s.pdf,41.0,0,0
275,../Geschaeftsberichte/Berlinovo/berlinovo_gb2019_s.pdf,42.0,0,0
276,../Geschaeftsberichte/Berlinovo/berlinovo_Finanzbericht_2021.pdf,26.0,1,0
277,../Geschaeftsberichte/Berlinovo/berlinovo_Finanzbericht_2021.pdf,27.0,0,0
278,../Geschaeftsberichte/Berlinovo/berlinovo_Finanzbericht_2021.pdf,45.0,1,0
279,../Geschaeftsberichte/Berlinovo/berlinovo_Finanzbericht_2021.pdf,53.0,1,0
280,../Geschaeftsberichte/Berlinovo/berlinovo_Finanzbericht_2021.pdf,2.0,0,0
281,../Geschaeftsberichte/Berlinovo/berlinovo_Finanzbericht_2021.pdf,43.0,1,0
282,../Geschaeftsberichte/Berlinovo/berlinovo_Finanzbericht_2021.pdf,44.0,1,0
283,../Geschaeftsberichte/Berlinovo/berlinovo_Finanzbericht_2021.pdf,47.0,0,0
284,../Geschaeftsberichte/Berlinovo/berlinovo_Finanzbericht_2021.pdf,52.0,0,0
285,../Geschaeftsberichte/Berlinovo/berlinovo_Finanzbericht_2021.pdf,57.0,1,0
286,../Geschaeftsberichte/Berlinovo/berlinovo_Finanzbericht_2021.pdf,62.0,0,0
287,../Geschaeftsberichte/Berlinovo/Finanzbericht_Berlinovo_2022_s.pdf,47.0,1,0
288,../Geschaeftsberichte/Berlinovo/Finanzbericht_Berlinovo_2022_s.pdf,56.0,1,0
289,../Geschaeftsberichte/Berlinovo/Finanzbericht_Berlinovo_2022_s.pdf,2.0,0,0
290,../Geschaeftsberichte/Berlinovo/Finanzbericht_Berlinovo_2022_s.pdf,45.0,1,0
291,../Geschaeftsberichte/Berlinovo/Finanzbericht_Berlinovo_2022_s.pdf,46.0,1,0
292,../Geschaeftsberichte/Berlinovo/Finanzbericht_Berlinovo_2022_s.pdf,48.0,0,0
293,../Geschaeftsberichte/Berlinovo/Finanzbericht_Berlinovo_2022_s.pdf,50.0,0,0
294,../Geschaeftsberichte/Berlinovo/Finanzbericht_Berlinovo_2022_s.pdf,54.0,0,0
295,../Geschaeftsberichte/Berlinovo/Finanzbericht_Berlinovo_2022_s.pdf,57.0,1,0
296,../Geschaeftsberichte/Berlinovo/Finanzbericht_Berlinovo_2022_s.pdf,58.0,0,0
297,../Geschaeftsberichte/Berlinovo/Finanzbericht_Berlinovo_2022_s.pdf,59.0,1,0
298,../Geschaeftsberichte/Berlinovo/Finanzbericht_Berlinovo_2022_s.pdf,60.0,1,0
299,../Geschaeftsberichte/Berlinovo/Finanzbericht_Berlinovo_2022_s.pdf,61.0,1,0
300,../Geschaeftsberichte/Berlinovo/Finanzbericht_Berlinovo_2022_s.pdf,62.0,1,0
301,../Geschaeftsberichte/Berlinovo/Finanzbericht_Berlinovo_2022_s.pdf,65.0,0,0
302,../Geschaeftsberichte/Berlinovo/berlinovo_gb2018_s.pdf,29.0,1,0
303,../Geschaeftsberichte/Berlinovo/berlinovo_gb2018_s.pdf,35.0,0,0
304,../Geschaeftsberichte/Berlinovo/berlinovo_gb2018_s.pdf,2.0,0,0
305,../Geschaeftsberichte/Berlinovo/berlinovo_gb2018_s.pdf,31.0,0,0
306,../Geschaeftsberichte/Berlinovo/berlinovo_gb2018_s.pdf,34.0,0,0
307,../Geschaeftsberichte/Berlinovo/berlinovo_gb2018_s.pdf,36.0,0,0
309,../Geschaeftsberichte/Amt für Statistik Berlin-Brandenburg/AP_Geschaeftsbericht_DE_2019_BBB.pdf,35.0,0,0
310,../Geschaeftsberichte/Amt für Statistik Berlin-Brandenburg/AP_Geschaeftsbericht_DE_2021_BBB.pdf,3.0,0,0
313,../Geschaeftsberichte/Amt für Statistik Berlin-Brandenburg/AP_Geschaeftsbericht_DE_2021_BBB.pdf,11.0,0,0
314,../Geschaeftsberichte/Amt für Statistik Berlin-Brandenburg/AP_Geschaeftsbericht_DE_2021_BBB.pdf,15.0,0,0
315,../Geschaeftsberichte/Amt für Statistik Berlin-Brandenburg/AP_Geschaeftsbericht_DE_2021_BBB.pdf,16.0,0,0
316,../Geschaeftsberichte/Amt für Statistik Berlin-Brandenburg/AP_Geschaeftsbericht_DE_2021_BBB.pdf,17.0,0,0
317,../Geschaeftsberichte/Amt für Statistik Berlin-Brandenburg/AP_Geschaeftsbericht_DE_2023_BBB.pdf,2.0,0,0
320,../Geschaeftsberichte/Amt für Statistik Berlin-Brandenburg/AP_Geschaeftsbericht_DE_2023_BBB.pdf,10.0,0,0
321,../Geschaeftsberichte/Amt für Statistik Berlin-Brandenburg/AP_Geschaeftsbericht_DE_2023_BBB.pdf,14.0,0,0
322,../Geschaeftsberichte/Amt für Statistik Berlin-Brandenburg/AP_Geschaeftsbericht_DE_2023_BBB.pdf,15.0,0,0
323,../Geschaeftsberichte/Amt für Statistik Berlin-Brandenburg/AP_Geschaeftsbericht_DE_2023_BBB.pdf,16.0,0,0
324,../Geschaeftsberichte/Amt für Statistik Berlin-Brandenburg/AP_Geschaeftsbericht_DE_2011_BBB.pdf,3.0,0,0
326,../Geschaeftsberichte/Amt für Statistik Berlin-Brandenburg/AP_Geschaeftsbericht_DE_2011_BBB.pdf,21.0,0,0
327,../Geschaeftsberichte/Amt für Statistik Berlin-Brandenburg/AP_Geschaeftsbericht_DE_2018_BBB.pdf,16.0,0,0
328,../Geschaeftsberichte/Amt für Statistik Berlin-Brandenburg/AP_Geschaeftsbericht_DE_2018_BBB.pdf,17.0,0,0
330,../Geschaeftsberichte/Amt für Statistik Berlin-Brandenburg/AP_Geschaeftsbericht_DE_2022_BBB.pdf,3.0,0,0
333,../Geschaeftsberichte/Amt für Statistik Berlin-Brandenburg/AP_Geschaeftsbericht_DE_2022_BBB.pdf,11.0,0,0
334,../Geschaeftsberichte/Amt für Statistik Berlin-Brandenburg/AP_Geschaeftsbericht_DE_2022_BBB.pdf,15.0,0,0
335,../Geschaeftsberichte/Amt für Statistik Berlin-Brandenburg/AP_Geschaeftsbericht_DE_2022_BBB.pdf,16.0,0,0
336,../Geschaeftsberichte/Amt für Statistik Berlin-Brandenburg/AP_Geschaeftsbericht_DE_2022_BBB.pdf,17.0,0,0
337,../Geschaeftsberichte/Amt für Statistik Berlin-Brandenburg/AP_Geschaeftsbericht_DE_2016_BBB.pdf,35.0,0,0
339,../Geschaeftsberichte/Amt für Statistik Berlin-Brandenburg/AP_Geschaeftsbericht_DE_2014_BBB.pdf,3.0,0,0
342,../Geschaeftsberichte/Amt für Statistik Berlin-Brandenburg/AP_Geschaeftsbericht_DE_2014_BBB.pdf,27.0,0,0
343,../Geschaeftsberichte/degewo AG/degewo_Konzernlagebericht_Konzernabschluss_2022.pdf,15.0,1,0
344,../Geschaeftsberichte/degewo AG/degewo_Konzernlagebericht_Konzernabschluss_2022.pdf,16.0,1,0
345,../Geschaeftsberichte/degewo AG/degewo_Konzernlagebericht_Konzernabschluss_2022.pdf,41.0,1,0
346,../Geschaeftsberichte/degewo AG/212131_degewo_2022_Konzernlagebericht_Konzernabschluss.pdf,35.0,1,0
347,../Geschaeftsberichte/degewo AG/201231_degewo_Konzernlagebericht_Konzernabschluss.pdf,37.0,1,0
348,../Geschaeftsberichte/degewo AG/201231_degewo_Konzernlagebericht_Konzernabschluss.pdf,46.0,1,0
349,../Geschaeftsberichte/Berlin Energie und Netzholding/Jahresabschluss_2021_BEN_GmbH.pdf,29.0,1,0
350,../Geschaeftsberichte/Berlin Energie und Netzholding/Jahresabschluss_2021_BEN_GmbH.pdf,3.0,0,0
351,../Geschaeftsberichte/Berlin Energie und Netzholding/Jahresabschluss_2021_BEN_GmbH.pdf,13.0,0,0
352,../Geschaeftsberichte/Berlin Energie und Netzholding/Jahresabschluss_2021_BEN_GmbH.pdf,16.0,1,0
353,../Geschaeftsberichte/Berlin Energie und Netzholding/Jahresabschluss-BEN-GmbH-2023.pdf,12.0,1,0
354,../Geschaeftsberichte/Berlin Energie und Netzholding/Jahresabschluss-BEN-GmbH-2023.pdf,3.0,0,0
356,../Geschaeftsberichte/Berlin Energie und Netzholding/Jahresabschluss-BEN-GmbH-2023.pdf,27.0,0,0
357,../Geschaeftsberichte/Berlin Energie und Netzholding/Jahresabschluss-BEN-GmbH-2023.pdf,28.0,0,0
358,../Geschaeftsberichte/Berlin Energie und Netzholding/Jahresabschluss-BEN-GmbH-2023.pdf,30.0,0,0
360,../Geschaeftsberichte/Berlin Energie und Netzholding/Jahresabschluss-BEN-GmbH-2023.pdf,47.0,0,0
361,../Geschaeftsberichte/Berlin Energie und Netzholding/Jahresabschluss-BEN-GmbH-2023.pdf,51.0,0,0
362,../Geschaeftsberichte/Berlin Energie und Netzholding/SIGNATURE_DEE00084236.1.1_550912_Endexemplar_20230331.pdf,11.0,1,0
363,../Geschaeftsberichte/Berlin Energie und Netzholding/SIGNATURE_DEE00084236.1.1_550912_Endexemplar_20230331.pdf,3.0,0,0
364,../Geschaeftsberichte/Berlin Energie und Netzholding/SIGNATURE_DEE00084236.1.1_550912_Endexemplar_20230331.pdf,27.0,0,0
365,../Geschaeftsberichte/Berlin Energie und Netzholding/SIGNATURE_DEE00084236.1.1_550912_Endexemplar_20230331.pdf,28.0,0,0
366,../Geschaeftsberichte/Berlin Energie und Netzholding/SIGNATURE_DEE00084236.1.1_550912_Endexemplar_20230331.pdf,29.0,1,0
367,../Geschaeftsberichte/Berlin Energie und Netzholding/SIGNATURE_DEE00084236.1.1_550912_Endexemplar_20230331.pdf,30.0,1,0
369,../Geschaeftsberichte/Berlin Energie und Netzholding/SIGNATURE_DEE00084236.1.1_550912_Endexemplar_20230331.pdf,47.0,0,0
370,../Geschaeftsberichte/Berlin Energie und Netzholding/SIGNATURE_DEE00084236.1.1_550912_Endexemplar_20230331.pdf,51.0,0,0
371,../Geschaeftsberichte/GESOBAU AG/GESOBAU_Geschaeftsbericht_2019.pdf,38.0,1,0
372,../Geschaeftsberichte/GESOBAU AG/GESOBAU_Geschaeftsbericht_2019.pdf,39.0,1,0
373,../Geschaeftsberichte/GESOBAU AG/GESOBAU_Geschaeftsbericht_2019.pdf,57.0,1,0
374,../Geschaeftsberichte/GESOBAU AG/GESOBAU_Geschaeftsbericht_2019.pdf,62.0,0,0
375,../Geschaeftsberichte/GESOBAU AG/GESOBAU_Geschaeftsbericht_2019.pdf,82.0,1,0
376,../Geschaeftsberichte/GESOBAU AG/GESOBAU_Geschaeftsbericht_2019.pdf,64.0,0,0
377,../Geschaeftsberichte/GESOBAU AG/GESOBAU_Geschaeftsbericht_2019.pdf,73.0,0,0
378,../Geschaeftsberichte/GESOBAU AG/GESOBAU_Geschaeftsbericht_2019.pdf,78.0,0,0
379,../Geschaeftsberichte/GESOBAU AG/GESOBAU_Geschaeftsbericht_2018.pdf,27.0,0,0
380,../Geschaeftsberichte/GESOBAU AG/GESOBAU_Geschaeftsbericht_2018.pdf,38.0,1,0
381,../Geschaeftsberichte/GESOBAU AG/GESOBAU_Geschaeftsbericht_2018.pdf,39.0,1,0
382,../Geschaeftsberichte/GESOBAU AG/GESOBAU_Geschaeftsbericht_2018.pdf,55.0,1,0
383,../Geschaeftsberichte/GESOBAU AG/GESOBAU_Geschaeftsbericht_2018.pdf,60.0,1,0
384,../Geschaeftsberichte/GESOBAU AG/GESOBAU_Geschaeftsbericht_2018.pdf,82.0,1,0
385,../Geschaeftsberichte/GESOBAU AG/GESOBAU_Geschaeftsbericht_2018.pdf,72.0,0,0
386,../Geschaeftsberichte/GESOBAU AG/GESOBAU_Geschaeftsbericht_2018.pdf,78.0,0,0
387,../Geschaeftsberichte/GESOBAU AG/GESOBAU_Gesch%C3%A4ftsbericht_2020.pdf,15.0,0,0
388,../Geschaeftsberichte/GESOBAU AG/GESOBAU_Gesch%C3%A4ftsbericht_2020.pdf,21.0,1,0
390,../Geschaeftsberichte/GESOBAU AG/GESOBAU_Gesch%C3%A4ftsbericht_2020.pdf,33.0,1,0
391,../Geschaeftsberichte/GESOBAU AG/GESOBAU_Gesch%C3%A4ftsbericht_2020.pdf,43.0,1,0
392,../Geschaeftsberichte/GESOBAU AG/GESOBAU_Gesch%C3%A4ftsbericht_2020.pdf,2.0,1,0
393,../Geschaeftsberichte/GESOBAU AG/GESOBAU_Gesch%C3%A4ftsbericht_2020.pdf,34.0,0,0
394,../Geschaeftsberichte/GESOBAU AG/GESOBAU_Gesch%C3%A4ftsbericht_2020.pdf,38.0,1,0
395,../Geschaeftsberichte/GESOBAU AG/GESOBAU_Gesch%C3%A4ftsbericht_2021.pdf,20.0,0,0
396,../Geschaeftsberichte/GESOBAU AG/GESOBAU_Gesch%C3%A4ftsbericht_2021.pdf,26.0,1,0
398,../Geschaeftsberichte/GESOBAU AG/GESOBAU_Gesch%C3%A4ftsbericht_2021.pdf,38.0,1,0
399,../Geschaeftsberichte/GESOBAU AG/GESOBAU_Gesch%C3%A4ftsbericht_2021.pdf,48.0,1,0
400,../Geschaeftsberichte/GESOBAU AG/GESOBAU_Gesch%C3%A4ftsbericht_2021.pdf,3.0,1,0
401,../Geschaeftsberichte/GESOBAU AG/GESOBAU_Gesch%C3%A4ftsbericht_2021.pdf,41.0,1,0
402,../Geschaeftsberichte/GESOBAU AG/GESOBAU_Gesch%C3%A4ftsbericht_2021.pdf,43.0,1,0
403,../Geschaeftsberichte/GESOBAU AG/GESOBAU_Gesch%C3%A4ftsbericht_2021.pdf,46.0,1,0
404,../Geschaeftsberichte/GESOBAU AG/GESOBAU_Geschaftsbericht_2023_bf.pdf,24.0,0,0
405,../Geschaeftsberichte/GESOBAU AG/GESOBAU_Geschaftsbericht_2023_bf.pdf,30.0,1,0
407,../Geschaeftsberichte/GESOBAU AG/GESOBAU_Geschaftsbericht_2023_bf.pdf,42.0,1,0
408,../Geschaeftsberichte/GESOBAU AG/GESOBAU_Geschaftsbericht_2023_bf.pdf,52.0,1,0
409,../Geschaeftsberichte/GESOBAU AG/GESOBAU_Geschaftsbericht_2023_bf.pdf,3.0,1,0
410,../Geschaeftsberichte/GESOBAU AG/GESOBAU_Geschaftsbericht_2023_bf.pdf,45.0,1,0
411,../Geschaeftsberichte/GESOBAU AG/GESOBAU_Geschaftsbericht_2023_bf.pdf,47.0,1,0
412,../Geschaeftsberichte/GESOBAU AG/GESOBAU_Geschaeftsbericht_2012.pdf,43.0,1,0
413,../Geschaeftsberichte/GESOBAU AG/GESOBAU_Geschaeftsbericht_2012.pdf,46.0,0,0
414,../Geschaeftsberichte/GESOBAU AG/GESOBAU_Geschaeftsbericht_2012.pdf,50.0,0,0
415,../Geschaeftsberichte/GESOBAU AG/GESOBAU_Geschaeftsbericht_2012.pdf,51.0,0,0
416,../Geschaeftsberichte/GESOBAU AG/GESOBAU_Geschaeftsbericht_2012.pdf,62.0,1,0
417,../Geschaeftsberichte/GESOBAU AG/GESOBAU_Geschaeftsbericht_2012.pdf,53.0,1,0
418,../Geschaeftsberichte/GESOBAU AG/GESOBAU_Geschaeftsbericht_2012.pdf,61.0,0,0
419,../Geschaeftsberichte/GESOBAU AG/Gesch%C3%A4ftsbericht_2022_bf.pdf,18.0,0,0
420,../Geschaeftsberichte/GESOBAU AG/Gesch%C3%A4ftsbericht_2022_bf.pdf,24.0,1,0
422,../Geschaeftsberichte/GESOBAU AG/Gesch%C3%A4ftsbericht_2022_bf.pdf,36.0,1,0
423,../Geschaeftsberichte/GESOBAU AG/Gesch%C3%A4ftsbericht_2022_bf.pdf,46.0,1,0
424,../Geschaeftsberichte/GESOBAU AG/Gesch%C3%A4ftsbericht_2022_bf.pdf,3.0,1,0
425,../Geschaeftsberichte/GESOBAU AG/Gesch%C3%A4ftsbericht_2022_bf.pdf,30.0,0,0
426,../Geschaeftsberichte/GESOBAU AG/Gesch%C3%A4ftsbericht_2022_bf.pdf,39.0,1,0
427,../Geschaeftsberichte/GESOBAU AG/Gesch%C3%A4ftsbericht_2022_bf.pdf,41.0,1,0
428,../Geschaeftsberichte/GESOBAU AG/Gesch%C3%A4ftsbericht_2022_bf.pdf,44.0,1,0
429,../Geschaeftsberichte/GESOBAU AG/GESOBAU_Geschaeftsbericht_2013.pdf,43.0,1,0
430,../Geschaeftsberichte/GESOBAU AG/GESOBAU_Geschaeftsbericht_2013.pdf,46.0,0,0
431,../Geschaeftsberichte/GESOBAU AG/GESOBAU_Geschaeftsbericht_2013.pdf,50.0,0,0
432,../Geschaeftsberichte/GESOBAU AG/GESOBAU_Geschaeftsbericht_2013.pdf,4.0,0,0
433,../Geschaeftsberichte/GESOBAU AG/GESOBAU_Geschaeftsbericht_2013.pdf,54.0,1,0
434,../Geschaeftsberichte/GESOBAU AG/GESOBAU_Geschaeftsbericht_2013.pdf,61.0,0,0
435,../Geschaeftsberichte/GESOBAU AG/GESOBAU_Geschaeftsbericht_2015.pdf,43.0,1,0
436,../Geschaeftsberichte/GESOBAU AG/GESOBAU_Geschaeftsbericht_2015.pdf,46.0,0,0
437,../Geschaeftsberichte/GESOBAU AG/GESOBAU_Geschaeftsbericht_2015.pdf,50.0,1,0
438,../Geschaeftsberichte/GESOBAU AG/GESOBAU_Geschaeftsbericht_2015.pdf,62.0,1,0
439,../Geschaeftsberichte/GESOBAU AG/GESOBAU_Geschaeftsbericht_2015.pdf,54.0,1,0
440,../Geschaeftsberichte/GESOBAU AG/GESOBAU_Geschaeftsbericht_2015.pdf,61.0,0,0
441,../Geschaeftsberichte/GESOBAU AG/GESOBAU_Gesch%C3%A4ftsbericht_2024.pdf,24.0,0,0
442,../Geschaeftsberichte/GESOBAU AG/GESOBAU_Gesch%C3%A4ftsbericht_2024.pdf,46.0,1,0
443,../Geschaeftsberichte/GESOBAU AG/GESOBAU_Gesch%C3%A4ftsbericht_2024.pdf,47.0,1,0
444,../Geschaeftsberichte/GESOBAU AG/GESOBAU_Gesch%C3%A4ftsbericht_2024.pdf,65.0,1,0
445,../Geschaeftsberichte/GESOBAU AG/GESOBAU_Gesch%C3%A4ftsbericht_2024.pdf,70.0,1,0
446,../Geschaeftsberichte/GESOBAU AG/GESOBAU_Gesch%C3%A4ftsbericht_2024.pdf,91.0,1,0
447,../Geschaeftsberichte/GESOBAU AG/GESOBAU_Gesch%C3%A4ftsbericht_2024.pdf,77.0,0,0
448,../Geschaeftsberichte/GESOBAU AG/GESOBAU_Gesch%C3%A4ftsbericht_2024.pdf,81.0,1,0
449,../Geschaeftsberichte/GESOBAU AG/GESOBAU_Geschaeftsbericht_2014.pdf,3.0,0,0
450,../Geschaeftsberichte/GESOBAU AG/GESOBAU_Geschaeftsbericht_2014.pdf,43.0,1,0
451,../Geschaeftsberichte/GESOBAU AG/GESOBAU_Geschaeftsbericht_2014.pdf,46.0,0,0
452,../Geschaeftsberichte/GESOBAU AG/GESOBAU_Geschaeftsbericht_2014.pdf,50.0,1,0
453,../Geschaeftsberichte/GESOBAU AG/GESOBAU_Geschaeftsbericht_2014.pdf,4.0,0,0
454,../Geschaeftsberichte/GESOBAU AG/GESOBAU_Geschaeftsbericht_2014.pdf,5.0,0,0
455,../Geschaeftsberichte/GESOBAU AG/GESOBAU_Geschaeftsbericht_2014.pdf,54.0,1,0
456,../Geschaeftsberichte/GESOBAU AG/GESOBAU_Geschaeftsbericht_2014.pdf,61.0,0,0
457,../Geschaeftsberichte/GESOBAU AG/GESOBAU_Geschaeftsbericht_2016.pdf,45.0,1,0
458,../Geschaeftsberichte/GESOBAU AG/GESOBAU_Geschaeftsbericht_2016.pdf,48.0,1,0
459,../Geschaeftsberichte/GESOBAU AG/GESOBAU_Geschaeftsbericht_2016.pdf,52.0,1,0
460,../Geschaeftsberichte/GESOBAU AG/GESOBAU_Geschaeftsbericht_2016.pdf,64.0,1,0
461,../Geschaeftsberichte/GESOBAU AG/GESOBAU_Geschaeftsbericht_2016.pdf,54.0,1,0
462,../Geschaeftsberichte/GESOBAU AG/GESOBAU_Geschaeftsbericht_2016.pdf,56.0,0,0
463,../Geschaeftsberichte/GESOBAU AG/GESOBAU_Geschaeftsbericht_2016.pdf,63.0,0,0
464,../Geschaeftsberichte/GESOBAU AG/GESOBAU_Geschaeftsbericht_2017.pdf,55.0,1,0
465,../Geschaeftsberichte/GESOBAU AG/GESOBAU_Geschaeftsbericht_2017.pdf,62.0,1,0
466,../Geschaeftsberichte/GESOBAU AG/GESOBAU_Geschaeftsbericht_2017.pdf,76.0,1,0
467,../Geschaeftsberichte/GESOBAU AG/GESOBAU_Geschaeftsbericht_2017.pdf,58.0,0,0
468,../Geschaeftsberichte/GESOBAU AG/GESOBAU_Geschaeftsbericht_2017.pdf,64.0,1,0
469,../Geschaeftsberichte/GESOBAU AG/GESOBAU_Geschaeftsbericht_2017.pdf,66.0,0,0
470,../Geschaeftsberichte/GESOBAU AG/GESOBAU_Geschaeftsbericht_2017.pdf,71.0,0,0
